Vessel	branches from
ID	SC 'connected to' some %
VCCF:1000000	VCCF:1000000
VCCF:1000001	VCCF:1000000
VCCF:1000002	VCCF:1000000
VCCF:1000003	VCCF:1000000
VCCF:1000004	VCCF:1000003
VCCF:1000005	VCCF:1000004
VCCF:1000006	VCCF:1000005
VCCF:1000007	VCCF:1000000
VCCF:1000008	VCCF:1000000
VCCF:1000009	VCCF:1000009
VCCF:1000010	VCCF:1000009
VCCF:1000011	VCCF:1000010
VCCF:1000012	VCCF:1000011
VCCF:1000013	VCCF:1000012
VCCF:1000014	VCCF:1000013
VCCF:1000015	VCCF:1000013
VCCF:1000016	VCCF:1000012
VCCF:1000017	VCCF:1000016
VCCF:1000018	VCCF:1000017
VCCF:1000019	VCCF:1000018
VCCF:1000020	VCCF:1000018
VCCF:1000021	VCCF:1000020
VCCF:1000022	VCCF:1000020
VCCF:1000023	VCCF:1000020
VCCF:1000024	VCCF:1000020
VCCF:1000025	VCCF:1000018
VCCF:1000026	VCCF:1000025
VCCF:1000027	VCCF:1000025
VCCF:1000028	VCCF:1000025
VCCF:1000029	VCCF:1000025
VCCF:1000030	VCCF:1000029
VCCF:1000031	VCCF:1000017
VCCF:1000032	VCCF:1000031
VCCF:1000033	VCCF:1000031
VCCF:1000034	VCCF:1000031
VCCF:1000035	VCCF:1000031
VCCF:1000036	VCCF:1000031
VCCF:1000037	VCCF:1000031
VCCF:1000038	VCCF:1000031
VCCF:1000039	VCCF:1000031
VCCF:1000040	VCCF:1000017
VCCF:1000041	VCCF:1000040
VCCF:1000042	VCCF:1000040
VCCF:1000043	VCCF:1000040
VCCF:1000044	VCCF:1000017
VCCF:1000045	VCCF:1000044
VCCF:1000046	VCCF:1000044
VCCF:1000047	VCCF:1000044
VCCF:1000048	VCCF:1000044
VCCF:1000049	VCCF:1000044
VCCF:1000050	VCCF:1000044
VCCF:1000051	VCCF:1000044
VCCF:1000052	VCCF:1000044
VCCF:1000053	VCCF:1000052
VCCF:1000054	VCCF:1000052
VCCF:1000055	VCCF:1000044
VCCF:1000056	VCCF:1000055
VCCF:1000057	VCCF:1000055
VCCF:1000058	VCCF:1000044
VCCF:1000059	VCCF:1000058
VCCF:1000060	VCCF:1000044
VCCF:1000061	VCCF:1000044
VCCF:1000062	VCCF:1000044
VCCF:1000063	VCCF:1000044
VCCF:1000064	VCCF:1000044
VCCF:1000065	VCCF:1000044
VCCF:1000066	VCCF:1000044
VCCF:1000067	VCCF:1000066
VCCF:1000068	VCCF:1000066
VCCF:1000069	VCCF:1000017
VCCF:1000070	VCCF:1000069
VCCF:1000071	VCCF:1000069
VCCF:1000072	VCCF:1000069
VCCF:1000073	VCCF:1000069
VCCF:1000074	VCCF:1000069
VCCF:1000075	VCCF:1000069
VCCF:1000076	VCCF:1000069
VCCF:1000077	VCCF:1000017
VCCF:1000078	VCCF:1000077
VCCF:1000079	VCCF:1000077
VCCF:1000080	VCCF:1000077
VCCF:1000081	VCCF:1000077
VCCF:1000082	VCCF:1000077
VCCF:1000083	VCCF:1000077
VCCF:1000084	VCCF:1000017
VCCF:1000085	VCCF:1000084
VCCF:1000086	VCCF:1000084
VCCF:1000087	VCCF:1000084
VCCF:1000088	VCCF:1000084
VCCF:1000089	VCCF:1000084
VCCF:1000090	VCCF:1000084
VCCF:1000091	VCCF:1000017
VCCF:1000092	VCCF:1000091
VCCF:1000093	VCCF:1000091
VCCF:1000094	VCCF:1000091
VCCF:1000095	VCCF:1000091
VCCF:1000096	VCCF:1000016
VCCF:1000097	VCCF:1000096
VCCF:1000098	VCCF:1000097
VCCF:1000099	VCCF:1000097
VCCF:1000100	VCCF:1000097
VCCF:1000101	VCCF:1000097
VCCF:1000102	VCCF:1000097
VCCF:1000103	VCCF:1000097
VCCF:1000104	VCCF:1000097
VCCF:1000105	VCCF:1000097
VCCF:1000106	VCCF:1000097
VCCF:1000107	VCCF:1000097
VCCF:1000108	VCCF:1000097
VCCF:1000109	VCCF:1000097
VCCF:1000110	VCCF:1000097
VCCF:1000111	VCCF:1000096
VCCF:1000112	VCCF:1000096
VCCF:1000113	VCCF:1000096
VCCF:1000114	VCCF:1000113
VCCF:1000115	VCCF:1000114
VCCF:1000116	VCCF:1000114
VCCF:1000117	VCCF:1000096
VCCF:1000118	VCCF:1000096
VCCF:1000119	VCCF:1000118
VCCF:1000120	VCCF:1000119
VCCF:1000121	VCCF:1000120
VCCF:1000122	VCCF:1000096
VCCF:1000123	VCCF:1000122
VCCF:1000124	VCCF:1000122
VCCF:1000125	VCCF:1000122
VCCF:1000126	VCCF:1000122
VCCF:1000127	VCCF:1000122
VCCF:1000128	VCCF:1000122
VCCF:1000129	VCCF:1000122
VCCF:1000130	VCCF:1000122
VCCF:1000131	VCCF:1000122
VCCF:1000132	VCCF:1000122
VCCF:1000133	VCCF:1000122
VCCF:1000134	VCCF:1000096
VCCF:1000135	VCCF:1000134
VCCF:1000136	VCCF:1000134
VCCF:1000137	VCCF:1000136
VCCF:1000138	VCCF:1000134
VCCF:1000139	VCCF:1000134
VCCF:1000140	VCCF:1000134
VCCF:1000141	VCCF:1000134
VCCF:1000142	VCCF:1000141
VCCF:1000143	VCCF:1000141
VCCF:1000144	VCCF:1000141
VCCF:1000145	VCCF:1000141
VCCF:1000146	VCCF:1000134
VCCF:1000147	VCCF:1000134
VCCF:1000148	VCCF:1000134
VCCF:1000149	VCCF:1000134
VCCF:1000150	VCCF:1000149
VCCF:1000151	VCCF:1000134
VCCF:1000152	VCCF:1000134
VCCF:1000153	VCCF:1000096
VCCF:1000154	VCCF:1000096
VCCF:1000155	VCCF:1000154
VCCF:1000156	VCCF:1000155
VCCF:1000157	VCCF:1000156
VCCF:1000121	VCCF:1000157
VCCF:1000158	VCCF:1000012
VCCF:1000159	VCCF:1000158
VCCF:1000160	VCCF:1000159
VCCF:1000161	VCCF:1000160
VCCF:1000162	VCCF:1000161
VCCF:1000163	VCCF:1000162
VCCF:1000164	VCCF:1000163
VCCF:1000165	VCCF:1000163
VCCF:1000166	VCCF:1000163
VCCF:1000167	VCCF:1000166
VCCF:1000168	VCCF:1000166
VCCF:1000169	VCCF:1000163
VCCF:1000170	VCCF:1000162
VCCF:1000171	VCCF:1000170
VCCF:1000172	VCCF:1000171
VCCF:1000173	VCCF:1000171
VCCF:1000174	VCCF:1000171
VCCF:1000175	VCCF:1000171
VCCF:1000176	VCCF:1000171
VCCF:1000177	VCCF:1000176
VCCF:1000178	VCCF:1000170
VCCF:1000179	VCCF:1000178
VCCF:1000180	VCCF:1000179
VCCF:1000181	VCCF:1000179
VCCF:1000182	VCCF:1000178
VCCF:1000183	VCCF:1000178
VCCF:1000184	VCCF:1000183
VCCF:1000185	VCCF:1000183
VCCF:1000186	VCCF:1000178
VCCF:1000187	VCCF:1000162
VCCF:1000188	VCCF:1000161
VCCF:1000189	VCCF:1000188
VCCF:1000190	VCCF:1000161
VCCF:1000191	VCCF:1000190
VCCF:1000192	VCCF:1000190
VCCF:1000193	VCCF:1000192
VCCF:1000194	VCCF:1000190
VCCF:1000195	VCCF:1000190
VCCF:1000196	VCCF:1000190
VCCF:1000197	VCCF:1000190
VCCF:1000198	VCCF:1000197
VCCF:1000199	VCCF:1000198
VCCF:1000200	VCCF:1000199
VCCF:1000201	VCCF:1000200
VCCF:1000202	VCCF:1000200
VCCF:1000203	VCCF:1000190
VCCF:1000204	VCCF:1000203
VCCF:1000205	VCCF:1000204
VCCF:1000206	VCCF:1000205
VCCF:1000207	VCCF:1000206
VCCF:1000208	VCCF:1000206
VCCF:1000209	VCCF:1000208
VCCF:1000210	VCCF:1000206
VCCF:1000211	VCCF:1000206
VCCF:1000212	VCCF:1000205
VCCF:1000213	VCCF:1000212
VCCF:1000214	VCCF:1000213
VCCF:1000215	VCCF:1000204
VCCF:1000216	VCCF:1000215
VCCF:1000217	VCCF:1000216
VCCF:1000218	VCCF:1000215
VCCF:1000219	VCCF:1000218
VCCF:1000220	VCCF:1000190
VCCF:1000221	VCCF:1000190
VCCF:1000222	VCCF:1000160
VCCF:1000223	VCCF:1000222
VCCF:1000224	VCCF:1000223
VCCF:1000225	VCCF:1000224
VCCF:1000226	VCCF:1000224
VCCF:1000227	VCCF:1000226
VCCF:1000228	VCCF:1000227
VCCF:1000229	VCCF:1000227
VCCF:1000230	VCCF:1000226
VCCF:1000231	VCCF:1000230
VCCF:1000232	VCCF:1000230
VCCF:1000233	VCCF:1000226
VCCF:1000234	VCCF:1000224
VCCF:1000235	VCCF:1000224
VCCF:1000236	VCCF:1000224
VCCF:1000237	VCCF:1000224
VCCF:1000238	VCCF:1000237
VCCF:1000239	VCCF:1000238
VCCF:1000240	VCCF:1000238
VCCF:1000241	VCCF:1000237
VCCF:1000242	VCCF:1000241
VCCF:1000243	VCCF:1000242
VCCF:1000244	VCCF:1000243
VCCF:1000245	VCCF:1000242
VCCF:1000246	VCCF:1000242
VCCF:1000247	VCCF:1000242
VCCF:1000248	VCCF:1000247
VCCF:1000249	VCCF:1000248
VCCF:1000250	VCCF:1000249
VCCF:1000251	VCCF:1000249
VCCF:1000252	VCCF:1000249
VCCF:1000253	VCCF:1000248
VCCF:1000254	VCCF:1000253
VCCF:1000255	VCCF:1000253
VCCF:1000256	VCCF:1000248
VCCF:1000257	VCCF:1000256
VCCF:1000258	VCCF:1000256
VCCF:1000259	VCCF:1000247
VCCF:1000260	VCCF:1000247
VCCF:1000261	VCCF:1000260
VCCF:1000262	VCCF:1000260
VCCF:1000263	VCCF:1000260
VCCF:1000264	VCCF:1000247
VCCF:1000265	VCCF:1000247
VCCF:1000266	VCCF:1000242
VCCF:1000267	VCCF:1000242
VCCF:1000268	VCCF:1000241
VCCF:1000269	VCCF:1000241
VCCF:1000270	VCCF:1000241
VCCF:1000271	VCCF:1000241
VCCF:1000272	VCCF:1000241
VCCF:1000273	VCCF:1000241
VCCF:1000274	VCCF:1000241
VCCF:1000275	VCCF:1000241
VCCF:1000276	VCCF:1000275
VCCF:1000277	VCCF:1000276
VCCF:1000278	VCCF:1000276
VCCF:1000279	VCCF:1000276
VCCF:1000280	VCCF:1000275
VCCF:1000281	VCCF:1000280
VCCF:1000282	VCCF:1000280
VCCF:1000283	VCCF:1000282
VCCF:1000284	VCCF:1000283
VCCF:1000285	VCCF:1000284
VCCF:1000286	VCCF:1000285
VCCF:1000287	VCCF:1000285
VCCF:1000288	VCCF:1000284
VCCF:1000289	VCCF:1000283
VCCF:1000290	VCCF:1000283
VCCF:1000291	VCCF:1000290
VCCF:1000292	VCCF:1000291
VCCF:1000293	VCCF:1000291
VCCF:1000294	VCCF:1000283
VCCF:1000295	VCCF:1000294
VCCF:1000296	VCCF:1000295
VCCF:1000297	VCCF:1000295
VCCF:1000298	VCCF:1000283
VCCF:1000299	VCCF:1000283
VCCF:1000300	VCCF:1000299
VCCF:1000301	VCCF:1000300
VCCF:1000302	VCCF:1000300
VCCF:1000303	VCCF:1000283
VCCF:1000304	VCCF:1000282
VCCF:1000305	VCCF:1000304
VCCF:1000306	VCCF:1000280
VCCF:1000307	VCCF:1000280
VCCF:1000308	VCCF:1000307
VCCF:1000309	VCCF:1000307
VCCF:1000310	VCCF:1000223
VCCF:1000311	VCCF:1000223
VCCF:1000312	VCCF:1000311
VCCF:1000313	VCCF:1000311
VCCF:1000314	VCCF:1000311
VCCF:1000315	VCCF:1000222
VCCF:1000316	VCCF:1000315
VCCF:1000317	VCCF:1000316
VCCF:1000318	VCCF:1000316
VCCF:1000319	VCCF:1000318
VCCF:1000320	VCCF:1000319
VCCF:1000321	VCCF:1000319
VCCF:1000322	VCCF:1000316
VCCF:1000323	VCCF:1000322
VCCF:1000324	VCCF:1000323
VCCF:1000325	VCCF:1000323
VCCF:1000326	VCCF:1000323
VCCF:1000327	VCCF:1000326
VCCF:1000328	VCCF:1000323
VCCF:1000329	VCCF:1000322
VCCF:1000330	VCCF:1000322
VCCF:1000331	VCCF:1000322
VCCF:1000332	VCCF:1000322
VCCF:1000333	VCCF:1000332
VCCF:1000334	VCCF:1000322
VCCF:1000335	VCCF:1000322
VCCF:1000336	VCCF:1000322
VCCF:1000320	VCCF:1000316
VCCF:1000337	VCCF:1000316
VCCF:1000338	VCCF:1000337
VCCF:1000339	VCCF:1000337
VCCF:1000340	VCCF:1000337
VCCF:1000341	VCCF:1000316
VCCF:1000342	VCCF:1000341
VCCF:1000343	VCCF:1000316
VCCF:1000344	VCCF:1000343
VCCF:1000345	VCCF:1000316
VCCF:1000346	VCCF:1000345
VCCF:1000347	VCCF:1000346
VCCF:1000348	VCCF:1000347
VCCF:1000349	VCCF:1000316
VCCF:1000350	VCCF:1000315
VCCF:1000351	VCCF:1000350
VCCF:1000352	VCCF:1000351
VCCF:1000353	VCCF:1000351
VCCF:1000354	VCCF:1000350
VCCF:1000355	VCCF:1000350
VCCF:1000356	VCCF:1000355
VCCF:1000357	VCCF:1000355
VCCF:1000358	VCCF:1000160
VCCF:1000359	VCCF:1000358
VCCF:1000360	VCCF:1000359
VCCF:1000361	VCCF:1000360
VCCF:1000362	VCCF:1000361
VCCF:1000363	VCCF:1000362
VCCF:1000364	VCCF:1000363
VCCF:1000365	VCCF:1000364
VCCF:1000366	VCCF:1000364
VCCF:1000367	VCCF:1000366
VCCF:1000368	VCCF:1000367
VCCF:1000369	VCCF:1000363
VCCF:1000370	VCCF:1000362
VCCF:1000369	VCCF:1000370
VCCF:1000371	VCCF:1000360
VCCF:1000372	VCCF:1000359
VCCF:1000373	VCCF:1000358
VCCF:1000374	VCCF:1000358
VCCF:1000375	VCCF:1000160
VCCF:1000376	VCCF:1000375
VCCF:1000377	VCCF:1000160
VCCF:1000378	VCCF:1000160
VCCF:1000379	VCCF:1000160
VCCF:1000380	VCCF:1000160
VCCF:1000381	VCCF:1000160
VCCF:1000382	VCCF:1000160
VCCF:1000383	VCCF:1000160
VCCF:1000384	VCCF:1000160
VCCF:1000385	VCCF:1000160
VCCF:1000386	VCCF:1000160
VCCF:1000387	VCCF:1000160
VCCF:1000388	VCCF:1000160
VCCF:1000389	VCCF:1000388
VCCF:1000390	VCCF:1000160
VCCF:1000391	VCCF:1000160
VCCF:1000392	VCCF:1000160
VCCF:1000393	VCCF:1000160
VCCF:1000394	VCCF:1000393
VCCF:1000395	VCCF:1000393
VCCF:1000396	VCCF:1000393
VCCF:1000397	VCCF:1000393
VCCF:1000398	VCCF:1000393
VCCF:1000399	VCCF:1000393
VCCF:1000400	VCCF:1000399
VCCF:1000401	VCCF:1000400
VCCF:1000402	VCCF:1000401
VCCF:1000403	VCCF:1000402
VCCF:1000404	VCCF:1000403
VCCF:1000405	VCCF:1000404
VCCF:1000406	VCCF:1000405
VCCF:1000407	VCCF:1000405
VCCF:1000408	VCCF:1000393
VCCF:1000409	VCCF:1000393
VCCF:1000410	VCCF:1000160
VCCF:1000411	VCCF:1000160
VCCF:1000412	VCCF:1000160
VCCF:1000413	VCCF:1000160
VCCF:1000414	VCCF:1000160
VCCF:1000415	VCCF:1000160
VCCF:1000416	VCCF:1000160
VCCF:1000417	VCCF:1000160
VCCF:1000418	VCCF:1000160
VCCF:1000419	VCCF:1000160
VCCF:1000420	VCCF:1000160
VCCF:1000421	VCCF:1000160
VCCF:1000422	VCCF:1000421
VCCF:1000423	VCCF:1000422
VCCF:1000424	VCCF:1000421
VCCF:1000425	VCCF:1000424
VCCF:1000426	VCCF:1000425
VCCF:1000427	VCCF:1000425
VCCF:1000428	VCCF:1000424
VCCF:1000429	VCCF:1000428
VCCF:1000430	VCCF:1000421
VCCF:1000431	VCCF:1000430
VCCF:1000432	VCCF:1000430
VCCF:1000433	VCCF:1000421
VCCF:1000434	VCCF:1000433
VCCF:1000435	VCCF:1000434
VCCF:1000436	VCCF:1000421
VCCF:1000437	VCCF:1000421
VCCF:1000438	VCCF:1000160
VCCF:1000439	VCCF:1000159
VCCF:1000440	VCCF:1000159
VCCF:1000441	VCCF:1000159
VCCF:1000442	VCCF:1000159
VCCF:1000443	VCCF:1000159
VCCF:1000444	VCCF:1000159
VCCF:1000445	VCCF:1000159
VCCF:1000446	VCCF:1000159
VCCF:1000447	VCCF:1000159
VCCF:1000448	VCCF:1000159
VCCF:1000449	VCCF:1000159
VCCF:1000450	VCCF:1000159
VCCF:1000451	VCCF:1000159
VCCF:1000452	VCCF:1000159
VCCF:1000453	VCCF:1000159
VCCF:1000454	VCCF:1000159
VCCF:1000389	VCCF:1000454
VCCF:1000455	VCCF:1000159
VCCF:1000456	VCCF:1000159
VCCF:1000457	VCCF:1000159
VCCF:1000458	VCCF:1000159
VCCF:1000459	VCCF:1000159
VCCF:1000460	VCCF:1000159
VCCF:1000461	VCCF:1000159
VCCF:1000462	VCCF:1000159
VCCF:1000463	VCCF:1000159
VCCF:1000464	VCCF:1000159
VCCF:1000465	VCCF:1000159
VCCF:1000466	VCCF:1000159
VCCF:1000467	VCCF:1000159
VCCF:1000468	VCCF:1000159
VCCF:1000469	VCCF:1000159
VCCF:1000470	VCCF:1000159
VCCF:1000471	VCCF:1000012
VCCF:1000472	VCCF:1000012
VCCF:1000473	VCCF:1000012
VCCF:1000474	VCCF:1000473
VCCF:1000475	VCCF:1000474
VCCF:1000476	VCCF:1000474
VCCF:1000477	VCCF:1000476
VCCF:1000478	VCCF:1000477
VCCF:1000479	VCCF:1000477
VCCF:1000480	VCCF:1000476
VCCF:1000481	VCCF:1000476
VCCF:1000482	VCCF:1000481
VCCF:1000483	VCCF:1000482
VCCF:1000484	VCCF:1000482
VCCF:1000485	VCCF:1000482
VCCF:1000486	VCCF:1000481
VCCF:1000487	VCCF:1000486
VCCF:1000488	VCCF:1000487
VCCF:1000489	VCCF:1000488
VCCF:1000490	VCCF:1000488
VCCF:1000491	VCCF:1000487
VCCF:1000492	VCCF:1000491
VCCF:1000493	VCCF:1000491
VCCF:1000494	VCCF:1000487
VCCF:1000495	VCCF:1000494
VCCF:1000496	VCCF:1000494
VCCF:1000497	VCCF:1000481
VCCF:1000498	VCCF:1000497
VCCF:1000499	VCCF:1000497
VCCF:1000500	VCCF:1000481
VCCF:1000501	VCCF:1000500
VCCF:1000502	VCCF:1000481
VCCF:1000503	VCCF:1000502
VCCF:1000504	VCCF:1000502
VCCF:1000505	VCCF:1000481
VCCF:1000506	VCCF:1000481
VCCF:1000507	VCCF:1000506
VCCF:1000508	VCCF:1000507
VCCF:1000509	VCCF:1000481
VCCF:1000510	VCCF:1000476
VCCF:1000511	VCCF:1000476
VCCF:1000512	VCCF:1000511
VCCF:1000513	VCCF:1000511
VCCF:1000514	VCCF:1000513
VCCF:1000515	VCCF:1000513
VCCF:1000516	VCCF:1000511
VCCF:1000517	VCCF:1000511
VCCF:1000487	VCCF:1000517
VCCF:1000518	VCCF:1000517
VCCF:1000519	VCCF:1000511
VCCF:1000520	VCCF:1000511
VCCF:1000521	VCCF:1000511
VCCF:1000522	VCCF:1000511
VCCF:1000522	VCCF:1000511
VCCF:1000523	VCCF:1000522
VCCF:1000524	VCCF:1000523
VCCF:1000525	VCCF:1000522
VCCF:1000526	VCCF:1000525
VCCF:1000527	VCCF:1000526
VCCF:1000528	VCCF:1000525
VCCF:1000529	VCCF:1000528
VCCF:1000530	VCCF:1000522
VCCF:1000531	VCCF:1000530
VCCF:1000532	VCCF:1000522
VCCF:1000533	VCCF:1000532
VCCF:1000534	VCCF:1000533
VCCF:1000535	VCCF:1000532
VCCF:1000536	VCCF:1000535
VCCF:1000537	VCCF:1000522
VCCF:1000538	VCCF:1000537
VCCF:1000539	VCCF:1000538
VCCF:1000540	VCCF:1000537
VCCF:1000541	VCCF:1000540
VCCF:1000542	VCCF:1000474
VCCF:1000543	VCCF:1000474
VCCF:1000544	VCCF:1000474
VCCF:1000545	VCCF:1000544
VCCF:1000546	VCCF:1000544
VCCF:1000547	VCCF:1000474
VCCF:1000548	VCCF:1000474
VCCF:1000549	VCCF:1000548
VCCF:1000550	VCCF:1000548
VCCF:1000551	VCCF:1000548
VCCF:1000552	VCCF:1000548
VCCF:1000553	VCCF:1000473
VCCF:1000554	VCCF:1000553
VCCF:1000389	VCCF:1000554
VCCF:1000555	VCCF:1000553
VCCF:1000556	VCCF:1000555
VCCF:1000557	VCCF:1000555
VCCF:1000558	VCCF:1000473
VCCF:1000559	VCCF:1000473
VCCF:1000560	VCCF:1000559
VCCF:1000561	VCCF:1000559
VCCF:1000562	VCCF:1000559
VCCF:1000563	VCCF:1000559
VCCF:1000564	VCCF:1000559
VCCF:1000565	VCCF:1000559
VCCF:1000566	VCCF:1000559
VCCF:1000567	VCCF:1000559
VCCF:1000568	VCCF:1000567
VCCF:1000569	VCCF:1000567
VCCF:1000570	VCCF:1000567
VCCF:1000571	VCCF:1000559
VCCF:1000572	VCCF:1000559
VCCF:1000573	VCCF:1000572
VCCF:1000574	VCCF:1000559
VCCF:1000575	VCCF:1000559
VCCF:1000576	VCCF:1000473
VCCF:1000577	VCCF:1000576
VCCF:1000578	VCCF:1000577
VCCF:1000389	VCCF:1000578
VCCF:1000579	VCCF:1000389
VCCF:1000580	VCCF:1000389
VCCF:1000581	VCCF:1000389
VCCF:1000582	VCCF:1000389
VCCF:1000583	VCCF:1000389
VCCF:1000584	VCCF:1000577
VCCF:1000585	VCCF:1000577
VCCF:1000586	VCCF:1000577
VCCF:1000587	VCCF:1000576
VCCF:1000588	VCCF:1000576
VCCF:1000589	VCCF:1000588
VCCF:1000590	VCCF:1000588
VCCF:1000591	VCCF:1000473
VCCF:1000592	VCCF:1000591
VCCF:1000593	VCCF:1000592
VCCF:1000594	VCCF:1000591
VCCF:1000595	VCCF:1000594
VCCF:1000596	VCCF:1000595
VCCF:1000597	VCCF:1000596
VCCF:1000598	VCCF:1000596
VCCF:1000599	VCCF:1000598
VCCF:1000600	VCCF:1000598
VCCF:1000601	VCCF:1000598
VCCF:1000602	VCCF:1000598
VCCF:1000603	VCCF:1000594
VCCF:1000604	VCCF:1000594
VCCF:1000605	VCCF:1000594
VCCF:1000606	VCCF:1000605
VCCF:1000607	VCCF:1000605
VCCF:1000608	VCCF:1000605
VCCF:1000609	VCCF:1000605
VCCF:1000610	VCCF:1000605
VCCF:1000611	VCCF:1000605
VCCF:1000612	VCCF:1000605
VCCF:1000613	VCCF:1000594
VCCF:1000614	VCCF:1000591
VCCF:1000615	VCCF:1000591
VCCF:1000389	VCCF:1000591
VCCF:1000616	VCCF:1000011
VCCF:1000617	VCCF:1000616
VCCF:1000618	VCCF:1000617
VCCF:1000619	VCCF:1000617
VCCF:1000620	VCCF:1000617
VCCF:1000621	VCCF:1000616
VCCF:1000622	VCCF:1000621
VCCF:1000623	VCCF:1000621
VCCF:1000624	VCCF:1000621
VCCF:1000625	VCCF:1000011
VCCF:1000626	VCCF:1000625
VCCF:1000627	VCCF:1000625
VCCF:1000628	VCCF:1000625
VCCF:1000629	VCCF:1000625
VCCF:1000630	VCCF:1000625
VCCF:1000631	VCCF:1000631
VCCF:1000632	VCCF:1000631
VCCF:1000633	VCCF:1000632
VCCF:1000634	VCCF:1000633
VCCF:1000635	VCCF:1000632
VCCF:1000636	VCCF:1000632
VCCF:1000637	VCCF:1000631
VCCF:1000638	VCCF:1000637
VCCF:1000639	VCCF:1000638
VCCF:1000640	VCCF:1000639
VCCF:1000641	VCCF:1000639
VCCF:1000642	VCCF:1000641
VCCF:1000643	VCCF:1000642
VCCF:1000644	VCCF:1000642
VCCF:1000645	VCCF:1000642
VCCF:1000646	VCCF:1000642
VCCF:1000647	VCCF:1000646
VCCF:1000648	VCCF:1000642
VCCF:1000649	VCCF:1000642
VCCF:1000650	VCCF:1000642
VCCF:1000651	VCCF:1000642
VCCF:1000652	VCCF:1000641
VCCF:1000653	VCCF:1000641
VCCF:1000654	VCCF:1000641
VCCF:1000655	VCCF:1000654
VCCF:1000647	VCCF:1000655
VCCF:1000656	VCCF:1000647
VCCF:1000657	VCCF:1000656
VCCF:1000658	VCCF:1000654
VCCF:1000659	VCCF:1000654
VCCF:1000660	VCCF:1000659
VCCF:1000661	VCCF:1000654
VCCF:1000662	VCCF:1000661
VCCF:1000663	VCCF:1000662
VCCF:1000664	VCCF:1000663
VCCF:1000665	VCCF:1000664
VCCF:1000666	VCCF:1000661
VCCF:1000663	VCCF:1000666
VCCF:1000660	VCCF:1000661
VCCF:1000667	VCCF:1000654
VCCF:1000647	VCCF:1000667
VCCF:1000668	VCCF:1000667
VCCF:1000669	VCCF:1000654
VCCF:1000670	VCCF:1000639
VCCF:1000671	VCCF:1000639
VCCF:1000672	VCCF:1000638
VCCF:1000673	VCCF:1000638
VCCF:1000674	VCCF:1000673
VCCF:1000675	VCCF:1000674
VCCF:1000676	VCCF:1000673
VCCF:1000677	VCCF:1000673
VCCF:1000678	VCCF:1000673
VCCF:1000679	VCCF:1000673
VCCF:1000680	VCCF:1000679
VCCF:1000681	VCCF:1000679
VCCF:1000682	VCCF:1000679
VCCF:1000683	VCCF:1000673
VCCF:1000684	VCCF:1000673
VCCF:1000685	VCCF:1000673
VCCF:1000686	VCCF:1000673
VCCF:1000687	VCCF:1000673
VCCF:1000688	VCCF:1000673
VCCF:1000689	VCCF:1000673
VCCF:1000690	VCCF:1000689
VCCF:1000691	VCCF:1000673
VCCF:1000692	VCCF:1000673
VCCF:1000693	VCCF:1000638
VCCF:1000694	VCCF:1000637
VCCF:1000695	VCCF:1000637
VCCF:1000696	VCCF:1000695
VCCF:1000697	VCCF:1000695
VCCF:1000698	VCCF:1000695
VCCF:1000699	VCCF:1000698
VCCF:1000700	VCCF:1000699
VCCF:1000701	VCCF:1000700
VCCF:1000702	VCCF:1000701
VCCF:1000703	VCCF:1000702
VCCF:1000704	VCCF:1000703
VCCF:1000705	VCCF:1000704
VCCF:1000706	VCCF:1000701
VCCF:1000703	VCCF:1000706
VCCF:1000707	VCCF:1000701
VCCF:1000708	VCCF:1000707
VCCF:1000705	VCCF:1000708
VCCF:1000709	VCCF:1000705
VCCF:1000710	VCCF:1000705
VCCF:1000711	VCCF:1000705
VCCF:1000712	VCCF:1000705
VCCF:1000713	VCCF:1000705
VCCF:1000714	VCCF:1000705
VCCF:1000715	VCCF:1000714
VCCF:1000716	VCCF:1000705
VCCF:1000717	VCCF:1000716
VCCF:1000718	VCCF:1000717
VCCF:1000719	VCCF:1000718
VCCF:1000720	VCCF:1000717
VCCF:1000721	VCCF:1000717
VCCF:1000722	VCCF:1000717
VCCF:1000723	VCCF:1000716
VCCF:1000724	VCCF:1000716
VCCF:1000725	VCCF:1000716
VCCF:1000726	VCCF:1000725
VCCF:1000727	VCCF:1000726
VCCF:1000728	VCCF:1000727
VCCF:1000729	VCCF:1000727
VCCF:1000730	VCCF:1000726
VCCF:1000731	VCCF:1000716
VCCF:1000732	VCCF:1000731
VCCF:1000733	VCCF:1000705
VCCF:1000734	VCCF:1000733
VCCF:1000735	VCCF:1000733
VCCF:1000736	VCCF:1000733
VCCF:1000719	VCCF:1000736
VCCF:1000737	VCCF:1000719
VCCF:1000738	VCCF:1000737
VCCF:1000739	VCCF:1000738
VCCF:1000740	VCCF:1000719
VCCF:1000741	VCCF:1000733
VCCF:1000742	VCCF:1000733
VCCF:1000719	VCCF:1000742
VCCF:1000743	VCCF:1000733
VCCF:1000744	VCCF:1000733
VCCF:1000719	VCCF:1000744
VCCF:1000745	VCCF:1000733
VCCF:1000746	VCCF:1000745
VCCF:1000747	VCCF:1000705
VCCF:1000748	VCCF:1000705
VCCF:1000749	VCCF:1000701
VCCF:1000708	VCCF:1000749
VCCF:1000750	VCCF:1000701
VCCF:1000708	VCCF:1000750
VCCF:1000751	VCCF:1000701
VCCF:1000752	VCCF:1000751
VCCF:1000704	VCCF:1000752
VCCF:1000753	VCCF:1000701
VCCF:1000752	VCCF:1000753
VCCF:1000754	VCCF:1000637
VCCF:1000755	VCCF:1000754
VCCF:1000756	VCCF:1000754
VCCF:1000757	VCCF:1000754
VCCF:1000758	VCCF:1000754
VCCF:1000759	VCCF:1000637
VCCF:1000760	VCCF:1000759
VCCF:1000761	VCCF:1000759
VCCF:1000762	VCCF:1000761
VCCF:1000763	VCCF:1000762
VCCF:1000764	VCCF:1000761
VCCF:1000765	VCCF:1000764
VCCF:1000766	VCCF:1000765
VCCF:1000767	VCCF:1000761
VCCF:1000768	VCCF:1000761
VCCF:1000769	VCCF:1000768
VCCF:1000766	VCCF:1000769
VCCF:1000770	VCCF:1000768
VCCF:1000766	VCCF:1000770
VCCF:1000771	VCCF:1000759
VCCF:1000772	VCCF:1000637
VCCF:1000773	VCCF:1000772
VCCF:1000774	VCCF:1000772
VCCF:1000775	VCCF:1000772
VCCF:1000776	VCCF:1000637
VCCF:1000777	VCCF:1000776
VCCF:1000778	VCCF:1000777
VCCF:1000779	VCCF:1000778
VCCF:1000780	VCCF:1000779
VCCF:1000781	VCCF:1000778
VCCF:1000782	VCCF:1000637
VCCF:1000783	VCCF:1000637
VCCF:1000784	VCCF:1000783
VCCF:1000785	VCCF:1000783
VCCF:1000786	VCCF:1000783
VCCF:1000787	VCCF:1000637
VCCF:1000788	VCCF:1000637
VCCF:1000789	VCCF:1000637
VCCF:1000790	VCCF:1000637
VCCF:1000791	VCCF:1000637
VCCF:1000792	VCCF:1000791
VCCF:1000793	VCCF:1000791
VCCF:1000794	VCCF:1000631
VCCF:1000795	VCCF:1000794
VCCF:1000796	VCCF:1000795
VCCF:1000797	VCCF:1000796
VCCF:1000798	VCCF:1000796
VCCF:1000799	VCCF:1000796
VCCF:1000800	VCCF:1000796
VCCF:1000801	VCCF:1000796
VCCF:1000802	VCCF:1000796
VCCF:1000803	VCCF:1000795
VCCF:1000804	VCCF:1000795
VCCF:1000805	VCCF:1000804
VCCF:1000806	VCCF:1000804
VCCF:1000807	VCCF:1000804
VCCF:1000808	VCCF:1000804
VCCF:1000809	VCCF:1000795
VCCF:1000760	VCCF:1000809
VCCF:1000761	VCCF:1000809
VCCF:1000771	VCCF:1000809
VCCF:1000810	VCCF:1000795
VCCF:1000811	VCCF:1000795
VCCF:1000812	VCCF:1000795
VCCF:1000813	VCCF:1000795
VCCF:1000814	VCCF:1000795
VCCF:1000815	VCCF:1000795
VCCF:1000816	VCCF:1000795
VCCF:1000817	VCCF:1000795
VCCF:1000818	VCCF:1000795
VCCF:1000819	VCCF:1000795
VCCF:1000820	VCCF:1000819
VCCF:1000821	VCCF:1000819
VCCF:1000822	VCCF:1000819
VCCF:1000823	VCCF:1000795
VCCF:1000824	VCCF:1000795
VCCF:1000825	VCCF:1000794
VCCF:1000826	VCCF:1000825
VCCF:1000803	VCCF:1000826
VCCF:1000827	VCCF:1000826
VCCF:1000828	VCCF:1000826
VCCF:1000829	VCCF:1000825
VCCF:1000830	VCCF:1000829
VCCF:1000831	VCCF:1000830
VCCF:1000832	VCCF:1000831
VCCF:1000833	VCCF:1000832
VCCF:1000834	VCCF:1000833
VCCF:1000835	VCCF:1000834
VCCF:1000836	VCCF:1000834
VCCF:1000837	VCCF:1000832
VCCF:1000838	VCCF:1000832
VCCF:1000839	VCCF:1000838
VCCF:1000839	VCCF:1000832
VCCF:1000840	VCCF:1000829
VCCF:1000841	VCCF:1000840
VCCF:1000842	VCCF:1000841
VCCF:1000843	VCCF:1000841
VCCF:1000844	VCCF:1000841
VCCF:1000845	VCCF:1000841
VCCF:1000846	VCCF:1000841
VCCF:1000847	VCCF:1000841
VCCF:1000848	VCCF:1000840
VCCF:1000849	VCCF:1000840
VCCF:1000850	VCCF:1000840
VCCF:1000851	VCCF:1000840
VCCF:1000852	VCCF:1000840
VCCF:1000853	VCCF:1000840
VCCF:1000854	VCCF:1000829
VCCF:1000855	VCCF:1000829
VCCF:1000856	VCCF:1000855
VCCF:1000857	VCCF:1000856
VCCF:1000858	VCCF:1000857
VCCF:1000859	VCCF:1000856
VCCF:1000860	VCCF:1000856
VCCF:1000861	VCCF:1000860
VCCF:1000862	VCCF:1000856
VCCF:1000863	VCCF:1000862
VCCF:1000864	VCCF:1000856
VCCF:1000865	VCCF:1000864
VCCF:1000866	VCCF:1000864
VCCF:1000867	VCCF:1000864
VCCF:1000868	VCCF:1000864
VCCF:1000861	VCCF:1000864
VCCF:1000869	VCCF:1000829
VCCF:1000870	VCCF:1000869
VCCF:1000871	VCCF:1000869
VCCF:1000872	VCCF:1000869
VCCF:1000873	VCCF:1000829
VCCF:1000874	VCCF:1000829
VCCF:1000875	VCCF:1000874
VCCF:1000876	VCCF:1000874
VCCF:1000877	VCCF:1000876
VCCF:1000878	VCCF:1000877
VCCF:1000879	VCCF:1000877
VCCF:1000880	VCCF:1000879
VCCF:1000881	VCCF:1000880
VCCF:1000882	VCCF:1000881
VCCF:1000883	VCCF:1000881
VCCF:1000884	VCCF:1000881
VCCF:1000885	VCCF:1000881
VCCF:1000886	VCCF:1000880
VCCF:1000887	VCCF:1000886
VCCF:1000888	VCCF:1000886
VCCF:1000889	VCCF:1000879
VCCF:1000890	VCCF:1000879
VCCF:1000891	VCCF:1000877
VCCF:1000892	VCCF:1000891
VCCF:1000893	VCCF:1000891
VCCF:1000894	VCCF:1000876
VCCF:1000895	VCCF:1000876
VCCF:1000896	VCCF:1000876
VCCF:1000897	VCCF:1000876
VCCF:1000856	VCCF:1000897
VCCF:1000898	VCCF:1000897
VCCF:1000899	VCCF:1000876
VCCF:1000900	VCCF:1000829
VCCF:1000901	VCCF:1000829
VCCF:1000902	VCCF:1000901
VCCF:1000903	VCCF:1000901
VCCF:1000904	VCCF:1000825
VCCF:1000905	VCCF:1000904
VCCF:1000906	VCCF:1000904
VCCF:1000907	VCCF:1000904
VCCF:1000908	VCCF:1000904
VCCF:1000909	VCCF:1000904
VCCF:1000910	VCCF:1000904
VCCF:1000911	VCCF:1000904
VCCF:1000912	VCCF:1000904
VCCF:1000913	VCCF:1000912
VCCF:1000914	VCCF:1000912
VCCF:1000915	VCCF:1000912
VCCF:1000916	VCCF:1000904
VCCF:1000917	VCCF:1000825
VCCF:1000918	VCCF:1000825
VCCF:1000919	VCCF:1000918
VCCF:1000920	VCCF:1000919
VCCF:1000921	VCCF:1000920
VCCF:1000922	VCCF:1000921
VCCF:1000923	VCCF:1000922
VCCF:1000924	VCCF:1000920
VCCF:1000925	VCCF:1000920
VCCF:1000926	VCCF:1000919
VCCF:1000927	VCCF:1000926
VCCF:1000928	VCCF:1000927
VCCF:1000929	VCCF:1000926
VCCF:1000930	VCCF:1000929
VCCF:1000931	VCCF:1000930
VCCF:1000932	VCCF:1000931
VCCF:1000933	VCCF:1000919
VCCF:1000921	VCCF:1000933
VCCF:1000934	VCCF:1000919
VCCF:1000935	VCCF:1000919
VCCF:1000936	VCCF:1000919
VCCF:1000937	VCCF:1000919
VCCF:1000938	VCCF:1000919
VCCF:1000939	VCCF:1000918
VCCF:1000940	VCCF:1000939
VCCF:1000828	VCCF:1000940
VCCF:1000941	VCCF:1000940
VCCF:1000942	VCCF:1000940
VCCF:1000943	VCCF:1000939
VCCF:1000944	VCCF:1000939
VCCF:1000832	VCCF:1000944
VCCF:1000945	VCCF:1000939
VCCF:1000946	VCCF:1000939
VCCF:1000947	VCCF:1000939
VCCF:1000948	VCCF:1000825
VCCF:1000949	VCCF:1000825
VCCF:1000950	VCCF:1000949
VCCF:1000760	VCCF:1000949
VCCF:1000951	VCCF:1000949
VCCF:1000952	VCCF:1000949
VCCF:1000953	VCCF:1000952
VCCF:1000954	VCCF:1000953
VCCF:1000761	VCCF:1000949
VCCF:1000771	VCCF:1000949
VCCF:1000955	VCCF:1000794
VCCF:1000956	VCCF:1000955
VCCF:1000957	VCCF:1000956
VCCF:1000958	VCCF:1000956
VCCF:1000959	VCCF:1000955
VCCF:1000960	VCCF:1000794
VCCF:1000961	VCCF:1000961
VCCF:1000962	VCCF:1000961
VCCF:1000963	VCCF:1000962
VCCF:1000964	VCCF:1000963
VCCF:1000965	VCCF:1000963
VCCF:1000966	VCCF:1000963
VCCF:1000967	VCCF:1000966
VCCF:1000968	VCCF:1000967
VCCF:1000969	VCCF:1000967
VCCF:1000970	VCCF:1000967
VCCF:1000971	VCCF:1000967
VCCF:1000972	VCCF:1000966
VCCF:1000973	VCCF:1000966
VCCF:1000974	VCCF:1000966
VCCF:1000975	VCCF:1000963
VCCF:1000976	VCCF:1000975
VCCF:1000977	VCCF:1000976
VCCF:1000978	VCCF:1000977
VCCF:1000979	VCCF:1000962
VCCF:1000980	VCCF:1000979
VCCF:1000981	VCCF:1000980
VCCF:1000982	VCCF:1000981
VCCF:1000983	VCCF:1000981
VCCF:1000984	VCCF:1000981
VCCF:1000985	VCCF:1000981
VCCF:1000986	VCCF:1000980
VCCF:1000987	VCCF:1000980
VCCF:1000988	VCCF:1000980
VCCF:1000989	VCCF:1000980
VCCF:1000990	VCCF:1000979
VCCF:1000991	VCCF:1000990
VCCF:1000992	VCCF:1000990
